images,image_urls
http://wx2.sinaimg.cn/mw600/661eb95cly1fd3nbpczarj20jz0zk47g.jpg,http://wx2.sinaimg.cn/mw600/661eb95cly1fd3nbpczarj20jz0zk47g.jpg
http://wx1.sinaimg.cn/mw600/661eb95cgy1fd0u9ev3huj20dc0hstb1.jpg,http://wx1.sinaimg.cn/mw600/661eb95cgy1fd0u9ev3huj20dc0hstb1.jpg
http://wx3.sinaimg.cn/mw690/006g34NHgy1fd35a0jl6ug30b4069hdu.gif,http://wx3.sinaimg.cn/mw690/006g34NHgy1fd35a0jl6ug30b4069hdu.gif
http://wx4.sinaimg.cn/mw600/005vbOHfgy1fd2wuad79bj30ia0dn0v0.jpg,http://wx4.sinaimg.cn/mw600/005vbOHfgy1fd2wuad79bj30ia0dn0v0.jpg
http://wx4.sinaimg.cn/mw1024/68f6e545ly1fd46pshwycg208w050kjo.gif,http://wx4.sinaimg.cn/mw1024/68f6e545ly1fd46pshwycg208w050kjo.gif
http://ww2.sinaimg.cn/mw600/95e71c7fgw1fbdijy20pyj20dw0ii0us.jpg,http://ww2.sinaimg.cn/mw600/95e71c7fgw1fbdijy20pyj20dw0ii0us.jpg
http://wx3.sinaimg.cn/mw600/661eb95cgy1fd49qtf0rqj20dc0hsq6t.jpg,http://wx3.sinaimg.cn/mw600/661eb95cgy1fd49qtf0rqj20dc0hsq6t.jpg
http://wx4.sinaimg.cn/mw600/661eb95cgy1fd49qw0f97j20s00utn68.jpg,http://wx4.sinaimg.cn/mw600/661eb95cgy1fd49qw0f97j20s00utn68.jpg
images,image_urls
"./qiubaiscrapy/,./qiubaiscrapy/,./qiubaiscrapy/,./qiubaiscrapy/,./qiubaiscrapy/,./qiubaiscrapy/,./qiubaiscrapy/,./qiubaiscrapy/,./qiubaiscrapy/,./qiubaiscrapy/,./qiubaiscrapy/,./qiubaiscrapy/,./qiubaiscrapy/,./qiubaiscrapy/,./qiubaiscrapy/,./qiubaiscrapy/,./qiubaiscrapy/,./qiubaiscrapy/,./qiubaiscrapy/,./qiubaiscrapy/,./qiubaiscrapy/,./qiubaiscrapy/,./qiubaiscrapy/,./qiubaiscrapy/,./qiubaiscrapy/,./qiubaiscrapy/,./qiubaiscrapy/,./qiubaiscrapy/,./qiubaiscrapy/,./qiubaiscrapy/,./qiubaiscrapy/,./qiubaiscrapy/,./qiubaiscrapy/,./qiubaiscrapy/,./qiubaiscrapy/,./qiubaiscrapy/,./qiubaiscrapy/,./qiubaiscrapy/,./qiubaiscrapy/,./qiubaiscrapy/,./qiubaiscrapy/,./qiubaiscrapy/,./qiubaiscrapy/,./qiubaiscrapy/,./qiubaiscrapy/,./qiubaiscrapy/,./qiubaiscrapy/,./qiubaiscrapy/,./qiubaiscrapy/,./qiubaiscrapy/,./qiubaiscrapy/,./qiubaiscrapy/,./qiubaiscrapy/,./qiubaiscrapy/,./qiubaiscrapy/,./qiubaiscrapy/,./qiubaiscrapy/,./qiubaiscrapy/,./qiubaiscrapy/,./qiubaiscrapy/,./qiubaiscrapy/,./qiubaiscrapy/,./qiubaiscrapy/,./qiubaiscrapy/",http://wx2.sinaimg.cn/mw600/661eb95cly1fd3nbpczarj20jz0zk47g.jpg
"./qiubaiscrapy/,./qiubaiscrapy/,./qiubaiscrapy/,./qiubaiscrapy/,./qiubaiscrapy/,./qiubaiscrapy/,./qiubaiscrapy/,./qiubaiscrapy/,./qiubaiscrapy/,./qiubaiscrapy/,./qiubaiscrapy/,./qiubaiscrapy/,./qiubaiscrapy/,./qiubaiscrapy/,./qiubaiscrapy/,./qiubaiscrapy/,./qiubaiscrapy/,./qiubaiscrapy/,./qiubaiscrapy/,./qiubaiscrapy/,./qiubaiscrapy/,./qiubaiscrapy/,./qiubaiscrapy/,./qiubaiscrapy/,./qiubaiscrapy/,./qiubaiscrapy/,./qiubaiscrapy/,./qiubaiscrapy/,./qiubaiscrapy/,./qiubaiscrapy/,./qiubaiscrapy/,./qiubaiscrapy/,./qiubaiscrapy/,./qiubaiscrapy/,./qiubaiscrapy/,./qiubaiscrapy/,./qiubaiscrapy/,./qiubaiscrapy/,./qiubaiscrapy/,./qiubaiscrapy/,./qiubaiscrapy/,./qiubaiscrapy/,./qiubaiscrapy/,./qiubaiscrapy/,./qiubaiscrapy/,./qiubaiscrapy/,./qiubaiscrapy/,./qiubaiscrapy/,./qiubaiscrapy/,./qiubaiscrapy/,./qiubaiscrapy/,./qiubaiscrapy/,./qiubaiscrapy/,./qiubaiscrapy/,./qiubaiscrapy/,./qiubaiscrapy/,./qiubaiscrapy/,./qiubaiscrapy/,./qiubaiscrapy/,./qiubaiscrapy/,./qiubaiscrapy/,./qiubaiscrapy/,./qiubaiscrapy/,./qiubaiscrapy/",http://wx1.sinaimg.cn/mw600/661eb95cgy1fd0u9ev3huj20dc0hstb1.jpg
"./qiubaiscrapy/,./qiubaiscrapy/,./qiubaiscrapy/,./qiubaiscrapy/,./qiubaiscrapy/,./qiubaiscrapy/,./qiubaiscrapy/,./qiubaiscrapy/,./qiubaiscrapy/,./qiubaiscrapy/,./qiubaiscrapy/,./qiubaiscrapy/,./qiubaiscrapy/,./qiubaiscrapy/,./qiubaiscrapy/,./qiubaiscrapy/,./qiubaiscrapy/,./qiubaiscrapy/,./qiubaiscrapy/,./qiubaiscrapy/,./qiubaiscrapy/,./qiubaiscrapy/,./qiubaiscrapy/,./qiubaiscrapy/,./qiubaiscrapy/,./qiubaiscrapy/,./qiubaiscrapy/,./qiubaiscrapy/,./qiubaiscrapy/,./qiubaiscrapy/,./qiubaiscrapy/,./qiubaiscrapy/,./qiubaiscrapy/,./qiubaiscrapy/,./qiubaiscrapy/,./qiubaiscrapy/,./qiubaiscrapy/,./qiubaiscrapy/,./qiubaiscrapy/,./qiubaiscrapy/,./qiubaiscrapy/,./qiubaiscrapy/,./qiubaiscrapy/,./qiubaiscrapy/,./qiubaiscrapy/,./qiubaiscrapy/,./qiubaiscrapy/,./qiubaiscrapy/,./qiubaiscrapy/,./qiubaiscrapy/,./qiubaiscrapy/,./qiubaiscrapy/,./qiubaiscrapy/,./qiubaiscrapy/,./qiubaiscrapy/,./qiubaiscrapy/,./qiubaiscrapy/,./qiubaiscrapy/,./qiubaiscrapy/,./qiubaiscrapy/,./qiubaiscrapy/,./qiubaiscrapy/,./qiubaiscrapy/,./qiubaiscrapy/",http://wx3.sinaimg.cn/mw690/006g34NHgy1fd35a0jl6ug30b4069hdu.gif
"./qiubaiscrapy/,./qiubaiscrapy/,./qiubaiscrapy/,./qiubaiscrapy/,./qiubaiscrapy/,./qiubaiscrapy/,./qiubaiscrapy/,./qiubaiscrapy/,./qiubaiscrapy/,./qiubaiscrapy/,./qiubaiscrapy/,./qiubaiscrapy/,./qiubaiscrapy/,./qiubaiscrapy/,./qiubaiscrapy/,./qiubaiscrapy/,./qiubaiscrapy/,./qiubaiscrapy/,./qiubaiscrapy/,./qiubaiscrapy/,./qiubaiscrapy/,./qiubaiscrapy/,./qiubaiscrapy/,./qiubaiscrapy/,./qiubaiscrapy/,./qiubaiscrapy/,./qiubaiscrapy/,./qiubaiscrapy/,./qiubaiscrapy/,./qiubaiscrapy/,./qiubaiscrapy/,./qiubaiscrapy/,./qiubaiscrapy/,./qiubaiscrapy/,./qiubaiscrapy/,./qiubaiscrapy/,./qiubaiscrapy/,./qiubaiscrapy/,./qiubaiscrapy/,./qiubaiscrapy/,./qiubaiscrapy/,./qiubaiscrapy/,./qiubaiscrapy/,./qiubaiscrapy/,./qiubaiscrapy/,./qiubaiscrapy/,./qiubaiscrapy/,./qiubaiscrapy/,./qiubaiscrapy/,./qiubaiscrapy/,./qiubaiscrapy/,./qiubaiscrapy/,./qiubaiscrapy/,./qiubaiscrapy/,./qiubaiscrapy/,./qiubaiscrapy/,./qiubaiscrapy/,./qiubaiscrapy/,./qiubaiscrapy/,./qiubaiscrapy/,./qiubaiscrapy/,./qiubaiscrapy/,./qiubaiscrapy/,./qiubaiscrapy/",http://wx4.sinaimg.cn/mw600/005vbOHfgy1fd2wuad79bj30ia0dn0v0.jpg
"./qiubaiscrapy/,./qiubaiscrapy/,./qiubaiscrapy/,./qiubaiscrapy/,./qiubaiscrapy/,./qiubaiscrapy/,./qiubaiscrapy/,./qiubaiscrapy/,./qiubaiscrapy/,./qiubaiscrapy/,./qiubaiscrapy/,./qiubaiscrapy/,./qiubaiscrapy/,./qiubaiscrapy/,./qiubaiscrapy/,./qiubaiscrapy/,./qiubaiscrapy/,./qiubaiscrapy/,./qiubaiscrapy/,./qiubaiscrapy/,./qiubaiscrapy/,./qiubaiscrapy/,./qiubaiscrapy/,./qiubaiscrapy/,./qiubaiscrapy/,./qiubaiscrapy/,./qiubaiscrapy/,./qiubaiscrapy/,./qiubaiscrapy/,./qiubaiscrapy/,./qiubaiscrapy/,./qiubaiscrapy/,./qiubaiscrapy/,./qiubaiscrapy/,./qiubaiscrapy/,./qiubaiscrapy/,./qiubaiscrapy/,./qiubaiscrapy/,./qiubaiscrapy/,./qiubaiscrapy/,./qiubaiscrapy/,./qiubaiscrapy/,./qiubaiscrapy/,./qiubaiscrapy/,./qiubaiscrapy/,./qiubaiscrapy/,./qiubaiscrapy/,./qiubaiscrapy/,./qiubaiscrapy/,./qiubaiscrapy/,./qiubaiscrapy/,./qiubaiscrapy/,./qiubaiscrapy/,./qiubaiscrapy/,./qiubaiscrapy/,./qiubaiscrapy/,./qiubaiscrapy/,./qiubaiscrapy/,./qiubaiscrapy/,./qiubaiscrapy/,./qiubaiscrapy/,./qiubaiscrapy/,./qiubaiscrapy/,./qiubaiscrapy/,./qiubaiscrapy/",http://wx4.sinaimg.cn/mw1024/68f6e545ly1fd46pshwycg208w050kjo.gif
"./qiubaiscrapy/,./qiubaiscrapy/,./qiubaiscrapy/,./qiubaiscrapy/,./qiubaiscrapy/,./qiubaiscrapy/,./qiubaiscrapy/,./qiubaiscrapy/,./qiubaiscrapy/,./qiubaiscrapy/,./qiubaiscrapy/,./qiubaiscrapy/,./qiubaiscrapy/,./qiubaiscrapy/,./qiubaiscrapy/,./qiubaiscrapy/,./qiubaiscrapy/,./qiubaiscrapy/,./qiubaiscrapy/,./qiubaiscrapy/,./qiubaiscrapy/,./qiubaiscrapy/,./qiubaiscrapy/,./qiubaiscrapy/,./qiubaiscrapy/,./qiubaiscrapy/,./qiubaiscrapy/,./qiubaiscrapy/,./qiubaiscrapy/,./qiubaiscrapy/,./qiubaiscrapy/,./qiubaiscrapy/,./qiubaiscrapy/,./qiubaiscrapy/,./qiubaiscrapy/,./qiubaiscrapy/,./qiubaiscrapy/,./qiubaiscrapy/,./qiubaiscrapy/,./qiubaiscrapy/,./qiubaiscrapy/,./qiubaiscrapy/,./qiubaiscrapy/,./qiubaiscrapy/,./qiubaiscrapy/,./qiubaiscrapy/,./qiubaiscrapy/,./qiubaiscrapy/,./qiubaiscrapy/,./qiubaiscrapy/,./qiubaiscrapy/,./qiubaiscrapy/,./qiubaiscrapy/,./qiubaiscrapy/,./qiubaiscrapy/,./qiubaiscrapy/,./qiubaiscrapy/,./qiubaiscrapy/,./qiubaiscrapy/,./qiubaiscrapy/,./qiubaiscrapy/,./qiubaiscrapy/,./qiubaiscrapy/,./qiubaiscrapy/",http://ww2.sinaimg.cn/mw600/95e71c7fgw1fbdijy20pyj20dw0ii0us.jpg
"./qiubaiscrapy/,./qiubaiscrapy/,./qiubaiscrapy/,./qiubaiscrapy/,./qiubaiscrapy/,./qiubaiscrapy/,./qiubaiscrapy/,./qiubaiscrapy/,./qiubaiscrapy/,./qiubaiscrapy/,./qiubaiscrapy/,./qiubaiscrapy/,./qiubaiscrapy/,./qiubaiscrapy/,./qiubaiscrapy/,./qiubaiscrapy/,./qiubaiscrapy/,./qiubaiscrapy/,./qiubaiscrapy/,./qiubaiscrapy/,./qiubaiscrapy/,./qiubaiscrapy/,./qiubaiscrapy/,./qiubaiscrapy/,./qiubaiscrapy/,./qiubaiscrapy/,./qiubaiscrapy/,./qiubaiscrapy/,./qiubaiscrapy/,./qiubaiscrapy/,./qiubaiscrapy/,./qiubaiscrapy/,./qiubaiscrapy/,./qiubaiscrapy/,./qiubaiscrapy/,./qiubaiscrapy/,./qiubaiscrapy/,./qiubaiscrapy/,./qiubaiscrapy/,./qiubaiscrapy/,./qiubaiscrapy/,./qiubaiscrapy/,./qiubaiscrapy/,./qiubaiscrapy/,./qiubaiscrapy/,./qiubaiscrapy/,./qiubaiscrapy/,./qiubaiscrapy/,./qiubaiscrapy/,./qiubaiscrapy/,./qiubaiscrapy/,./qiubaiscrapy/,./qiubaiscrapy/,./qiubaiscrapy/,./qiubaiscrapy/,./qiubaiscrapy/,./qiubaiscrapy/,./qiubaiscrapy/,./qiubaiscrapy/,./qiubaiscrapy/,./qiubaiscrapy/,./qiubaiscrapy/,./qiubaiscrapy/,./qiubaiscrapy/",http://wx3.sinaimg.cn/mw600/661eb95cgy1fd49qtf0rqj20dc0hsq6t.jpg
"./qiubaiscrapy/,./qiubaiscrapy/,./qiubaiscrapy/,./qiubaiscrapy/,./qiubaiscrapy/,./qiubaiscrapy/,./qiubaiscrapy/,./qiubaiscrapy/,./qiubaiscrapy/,./qiubaiscrapy/,./qiubaiscrapy/,./qiubaiscrapy/,./qiubaiscrapy/,./qiubaiscrapy/,./qiubaiscrapy/,./qiubaiscrapy/,./qiubaiscrapy/,./qiubaiscrapy/,./qiubaiscrapy/,./qiubaiscrapy/,./qiubaiscrapy/,./qiubaiscrapy/,./qiubaiscrapy/,./qiubaiscrapy/,./qiubaiscrapy/,./qiubaiscrapy/,./qiubaiscrapy/,./qiubaiscrapy/,./qiubaiscrapy/,./qiubaiscrapy/,./qiubaiscrapy/,./qiubaiscrapy/,./qiubaiscrapy/,./qiubaiscrapy/,./qiubaiscrapy/,./qiubaiscrapy/,./qiubaiscrapy/,./qiubaiscrapy/,./qiubaiscrapy/,./qiubaiscrapy/,./qiubaiscrapy/,./qiubaiscrapy/,./qiubaiscrapy/,./qiubaiscrapy/,./qiubaiscrapy/,./qiubaiscrapy/,./qiubaiscrapy/,./qiubaiscrapy/,./qiubaiscrapy/,./qiubaiscrapy/,./qiubaiscrapy/,./qiubaiscrapy/,./qiubaiscrapy/,./qiubaiscrapy/,./qiubaiscrapy/,./qiubaiscrapy/,./qiubaiscrapy/,./qiubaiscrapy/,./qiubaiscrapy/,./qiubaiscrapy/,./qiubaiscrapy/,./qiubaiscrapy/,./qiubaiscrapy/,./qiubaiscrapy/",http://wx4.sinaimg.cn/mw600/661eb95cgy1fd49qw0f97j20s00utn68.jpg
images,image_urls
"./qiubaiscrapy/,./qiubaiscrapy/,./qiubaiscrapy/,./qiubaiscrapy/,./qiubaiscrapy/,./qiubaiscrapy/,./qiubaiscrapy/,./qiubaiscrapy/,./qiubaiscrapy/,./qiubaiscrapy/,./qiubaiscrapy/,./qiubaiscrapy/,./qiubaiscrapy/,./qiubaiscrapy/,./qiubaiscrapy/,./qiubaiscrapy/,./qiubaiscrapy/,./qiubaiscrapy/,./qiubaiscrapy/,./qiubaiscrapy/,./qiubaiscrapy/,./qiubaiscrapy/,./qiubaiscrapy/,./qiubaiscrapy/,./qiubaiscrapy/,./qiubaiscrapy/,./qiubaiscrapy/,./qiubaiscrapy/,./qiubaiscrapy/,./qiubaiscrapy/,./qiubaiscrapy/,./qiubaiscrapy/,./qiubaiscrapy/,./qiubaiscrapy/,./qiubaiscrapy/,./qiubaiscrapy/,./qiubaiscrapy/,./qiubaiscrapy/,./qiubaiscrapy/,./qiubaiscrapy/,./qiubaiscrapy/,./qiubaiscrapy/,./qiubaiscrapy/,./qiubaiscrapy/,./qiubaiscrapy/,./qiubaiscrapy/,./qiubaiscrapy/,./qiubaiscrapy/,./qiubaiscrapy/,./qiubaiscrapy/,./qiubaiscrapy/,./qiubaiscrapy/,./qiubaiscrapy/,./qiubaiscrapy/,./qiubaiscrapy/,./qiubaiscrapy/,./qiubaiscrapy/,./qiubaiscrapy/,./qiubaiscrapy/,./qiubaiscrapy/,./qiubaiscrapy/,./qiubaiscrapy/,./qiubaiscrapy/,./qiubaiscrapy/",http://wx2.sinaimg.cn/mw600/661eb95cly1fd3nbpczarj20jz0zk47g.jpg
"./qiubaiscrapy/,./qiubaiscrapy/,./qiubaiscrapy/,./qiubaiscrapy/,./qiubaiscrapy/,./qiubaiscrapy/,./qiubaiscrapy/,./qiubaiscrapy/,./qiubaiscrapy/,./qiubaiscrapy/,./qiubaiscrapy/,./qiubaiscrapy/,./qiubaiscrapy/,./qiubaiscrapy/,./qiubaiscrapy/,./qiubaiscrapy/,./qiubaiscrapy/,./qiubaiscrapy/,./qiubaiscrapy/,./qiubaiscrapy/,./qiubaiscrapy/,./qiubaiscrapy/,./qiubaiscrapy/,./qiubaiscrapy/,./qiubaiscrapy/,./qiubaiscrapy/,./qiubaiscrapy/,./qiubaiscrapy/,./qiubaiscrapy/,./qiubaiscrapy/,./qiubaiscrapy/,./qiubaiscrapy/,./qiubaiscrapy/,./qiubaiscrapy/,./qiubaiscrapy/,./qiubaiscrapy/,./qiubaiscrapy/,./qiubaiscrapy/,./qiubaiscrapy/,./qiubaiscrapy/,./qiubaiscrapy/,./qiubaiscrapy/,./qiubaiscrapy/,./qiubaiscrapy/,./qiubaiscrapy/,./qiubaiscrapy/,./qiubaiscrapy/,./qiubaiscrapy/,./qiubaiscrapy/,./qiubaiscrapy/,./qiubaiscrapy/,./qiubaiscrapy/,./qiubaiscrapy/,./qiubaiscrapy/,./qiubaiscrapy/,./qiubaiscrapy/,./qiubaiscrapy/,./qiubaiscrapy/,./qiubaiscrapy/,./qiubaiscrapy/,./qiubaiscrapy/,./qiubaiscrapy/,./qiubaiscrapy/,./qiubaiscrapy/",http://wx1.sinaimg.cn/mw600/661eb95cgy1fd0u9ev3huj20dc0hstb1.jpg
"./qiubaiscrapy/,./qiubaiscrapy/,./qiubaiscrapy/,./qiubaiscrapy/,./qiubaiscrapy/,./qiubaiscrapy/,./qiubaiscrapy/,./qiubaiscrapy/,./qiubaiscrapy/,./qiubaiscrapy/,./qiubaiscrapy/,./qiubaiscrapy/,./qiubaiscrapy/,./qiubaiscrapy/,./qiubaiscrapy/,./qiubaiscrapy/,./qiubaiscrapy/,./qiubaiscrapy/,./qiubaiscrapy/,./qiubaiscrapy/,./qiubaiscrapy/,./qiubaiscrapy/,./qiubaiscrapy/,./qiubaiscrapy/,./qiubaiscrapy/,./qiubaiscrapy/,./qiubaiscrapy/,./qiubaiscrapy/,./qiubaiscrapy/,./qiubaiscrapy/,./qiubaiscrapy/,./qiubaiscrapy/,./qiubaiscrapy/,./qiubaiscrapy/,./qiubaiscrapy/,./qiubaiscrapy/,./qiubaiscrapy/,./qiubaiscrapy/,./qiubaiscrapy/,./qiubaiscrapy/,./qiubaiscrapy/,./qiubaiscrapy/,./qiubaiscrapy/,./qiubaiscrapy/,./qiubaiscrapy/,./qiubaiscrapy/,./qiubaiscrapy/,./qiubaiscrapy/,./qiubaiscrapy/,./qiubaiscrapy/,./qiubaiscrapy/,./qiubaiscrapy/,./qiubaiscrapy/,./qiubaiscrapy/,./qiubaiscrapy/,./qiubaiscrapy/,./qiubaiscrapy/,./qiubaiscrapy/,./qiubaiscrapy/,./qiubaiscrapy/,./qiubaiscrapy/,./qiubaiscrapy/,./qiubaiscrapy/,./qiubaiscrapy/",http://wx3.sinaimg.cn/mw690/006g34NHgy1fd35a0jl6ug30b4069hdu.gif
"./qiubaiscrapy/,./qiubaiscrapy/,./qiubaiscrapy/,./qiubaiscrapy/,./qiubaiscrapy/,./qiubaiscrapy/,./qiubaiscrapy/,./qiubaiscrapy/,./qiubaiscrapy/,./qiubaiscrapy/,./qiubaiscrapy/,./qiubaiscrapy/,./qiubaiscrapy/,./qiubaiscrapy/,./qiubaiscrapy/,./qiubaiscrapy/,./qiubaiscrapy/,./qiubaiscrapy/,./qiubaiscrapy/,./qiubaiscrapy/,./qiubaiscrapy/,./qiubaiscrapy/,./qiubaiscrapy/,./qiubaiscrapy/,./qiubaiscrapy/,./qiubaiscrapy/,./qiubaiscrapy/,./qiubaiscrapy/,./qiubaiscrapy/,./qiubaiscrapy/,./qiubaiscrapy/,./qiubaiscrapy/,./qiubaiscrapy/,./qiubaiscrapy/,./qiubaiscrapy/,./qiubaiscrapy/,./qiubaiscrapy/,./qiubaiscrapy/,./qiubaiscrapy/,./qiubaiscrapy/,./qiubaiscrapy/,./qiubaiscrapy/,./qiubaiscrapy/,./qiubaiscrapy/,./qiubaiscrapy/,./qiubaiscrapy/,./qiubaiscrapy/,./qiubaiscrapy/,./qiubaiscrapy/,./qiubaiscrapy/,./qiubaiscrapy/,./qiubaiscrapy/,./qiubaiscrapy/,./qiubaiscrapy/,./qiubaiscrapy/,./qiubaiscrapy/,./qiubaiscrapy/,./qiubaiscrapy/,./qiubaiscrapy/,./qiubaiscrapy/,./qiubaiscrapy/,./qiubaiscrapy/,./qiubaiscrapy/,./qiubaiscrapy/",http://wx4.sinaimg.cn/mw600/005vbOHfgy1fd2wuad79bj30ia0dn0v0.jpg
"./qiubaiscrapy/,./qiubaiscrapy/,./qiubaiscrapy/,./qiubaiscrapy/,./qiubaiscrapy/,./qiubaiscrapy/,./qiubaiscrapy/,./qiubaiscrapy/,./qiubaiscrapy/,./qiubaiscrapy/,./qiubaiscrapy/,./qiubaiscrapy/,./qiubaiscrapy/,./qiubaiscrapy/,./qiubaiscrapy/,./qiubaiscrapy/,./qiubaiscrapy/,./qiubaiscrapy/,./qiubaiscrapy/,./qiubaiscrapy/,./qiubaiscrapy/,./qiubaiscrapy/,./qiubaiscrapy/,./qiubaiscrapy/,./qiubaiscrapy/,./qiubaiscrapy/,./qiubaiscrapy/,./qiubaiscrapy/,./qiubaiscrapy/,./qiubaiscrapy/,./qiubaiscrapy/,./qiubaiscrapy/,./qiubaiscrapy/,./qiubaiscrapy/,./qiubaiscrapy/,./qiubaiscrapy/,./qiubaiscrapy/,./qiubaiscrapy/,./qiubaiscrapy/,./qiubaiscrapy/,./qiubaiscrapy/,./qiubaiscrapy/,./qiubaiscrapy/,./qiubaiscrapy/,./qiubaiscrapy/,./qiubaiscrapy/,./qiubaiscrapy/,./qiubaiscrapy/,./qiubaiscrapy/,./qiubaiscrapy/,./qiubaiscrapy/,./qiubaiscrapy/,./qiubaiscrapy/,./qiubaiscrapy/,./qiubaiscrapy/,./qiubaiscrapy/,./qiubaiscrapy/,./qiubaiscrapy/,./qiubaiscrapy/,./qiubaiscrapy/,./qiubaiscrapy/,./qiubaiscrapy/,./qiubaiscrapy/,./qiubaiscrapy/,./qiubaiscrapy/",http://wx4.sinaimg.cn/mw1024/68f6e545ly1fd46pshwycg208w050kjo.gif
"./qiubaiscrapy/,./qiubaiscrapy/,./qiubaiscrapy/,./qiubaiscrapy/,./qiubaiscrapy/,./qiubaiscrapy/,./qiubaiscrapy/,./qiubaiscrapy/,./qiubaiscrapy/,./qiubaiscrapy/,./qiubaiscrapy/,./qiubaiscrapy/,./qiubaiscrapy/,./qiubaiscrapy/,./qiubaiscrapy/,./qiubaiscrapy/,./qiubaiscrapy/,./qiubaiscrapy/,./qiubaiscrapy/,./qiubaiscrapy/,./qiubaiscrapy/,./qiubaiscrapy/,./qiubaiscrapy/,./qiubaiscrapy/,./qiubaiscrapy/,./qiubaiscrapy/,./qiubaiscrapy/,./qiubaiscrapy/,./qiubaiscrapy/,./qiubaiscrapy/,./qiubaiscrapy/,./qiubaiscrapy/,./qiubaiscrapy/,./qiubaiscrapy/,./qiubaiscrapy/,./qiubaiscrapy/,./qiubaiscrapy/,./qiubaiscrapy/,./qiubaiscrapy/,./qiubaiscrapy/,./qiubaiscrapy/,./qiubaiscrapy/,./qiubaiscrapy/,./qiubaiscrapy/,./qiubaiscrapy/,./qiubaiscrapy/,./qiubaiscrapy/,./qiubaiscrapy/,./qiubaiscrapy/,./qiubaiscrapy/,./qiubaiscrapy/,./qiubaiscrapy/,./qiubaiscrapy/,./qiubaiscrapy/,./qiubaiscrapy/,./qiubaiscrapy/,./qiubaiscrapy/,./qiubaiscrapy/,./qiubaiscrapy/,./qiubaiscrapy/,./qiubaiscrapy/,./qiubaiscrapy/,./qiubaiscrapy/,./qiubaiscrapy/",http://ww2.sinaimg.cn/mw600/95e71c7fgw1fbdijy20pyj20dw0ii0us.jpg
"./qiubaiscrapy/,./qiubaiscrapy/,./qiubaiscrapy/,./qiubaiscrapy/,./qiubaiscrapy/,./qiubaiscrapy/,./qiubaiscrapy/,./qiubaiscrapy/,./qiubaiscrapy/,./qiubaiscrapy/,./qiubaiscrapy/,./qiubaiscrapy/,./qiubaiscrapy/,./qiubaiscrapy/,./qiubaiscrapy/,./qiubaiscrapy/,./qiubaiscrapy/,./qiubaiscrapy/,./qiubaiscrapy/,./qiubaiscrapy/,./qiubaiscrapy/,./qiubaiscrapy/,./qiubaiscrapy/,./qiubaiscrapy/,./qiubaiscrapy/,./qiubaiscrapy/,./qiubaiscrapy/,./qiubaiscrapy/,./qiubaiscrapy/,./qiubaiscrapy/,./qiubaiscrapy/,./qiubaiscrapy/,./qiubaiscrapy/,./qiubaiscrapy/,./qiubaiscrapy/,./qiubaiscrapy/,./qiubaiscrapy/,./qiubaiscrapy/,./qiubaiscrapy/,./qiubaiscrapy/,./qiubaiscrapy/,./qiubaiscrapy/,./qiubaiscrapy/,./qiubaiscrapy/,./qiubaiscrapy/,./qiubaiscrapy/,./qiubaiscrapy/,./qiubaiscrapy/,./qiubaiscrapy/,./qiubaiscrapy/,./qiubaiscrapy/,./qiubaiscrapy/,./qiubaiscrapy/,./qiubaiscrapy/,./qiubaiscrapy/,./qiubaiscrapy/,./qiubaiscrapy/,./qiubaiscrapy/,./qiubaiscrapy/,./qiubaiscrapy/,./qiubaiscrapy/,./qiubaiscrapy/,./qiubaiscrapy/,./qiubaiscrapy/",http://wx3.sinaimg.cn/mw600/661eb95cgy1fd49qtf0rqj20dc0hsq6t.jpg
"./qiubaiscrapy/,./qiubaiscrapy/,./qiubaiscrapy/,./qiubaiscrapy/,./qiubaiscrapy/,./qiubaiscrapy/,./qiubaiscrapy/,./qiubaiscrapy/,./qiubaiscrapy/,./qiubaiscrapy/,./qiubaiscrapy/,./qiubaiscrapy/,./qiubaiscrapy/,./qiubaiscrapy/,./qiubaiscrapy/,./qiubaiscrapy/,./qiubaiscrapy/,./qiubaiscrapy/,./qiubaiscrapy/,./qiubaiscrapy/,./qiubaiscrapy/,./qiubaiscrapy/,./qiubaiscrapy/,./qiubaiscrapy/,./qiubaiscrapy/,./qiubaiscrapy/,./qiubaiscrapy/,./qiubaiscrapy/,./qiubaiscrapy/,./qiubaiscrapy/,./qiubaiscrapy/,./qiubaiscrapy/,./qiubaiscrapy/,./qiubaiscrapy/,./qiubaiscrapy/,./qiubaiscrapy/,./qiubaiscrapy/,./qiubaiscrapy/,./qiubaiscrapy/,./qiubaiscrapy/,./qiubaiscrapy/,./qiubaiscrapy/,./qiubaiscrapy/,./qiubaiscrapy/,./qiubaiscrapy/,./qiubaiscrapy/,./qiubaiscrapy/,./qiubaiscrapy/,./qiubaiscrapy/,./qiubaiscrapy/,./qiubaiscrapy/,./qiubaiscrapy/,./qiubaiscrapy/,./qiubaiscrapy/,./qiubaiscrapy/,./qiubaiscrapy/,./qiubaiscrapy/,./qiubaiscrapy/,./qiubaiscrapy/,./qiubaiscrapy/,./qiubaiscrapy/,./qiubaiscrapy/,./qiubaiscrapy/,./qiubaiscrapy/",http://wx4.sinaimg.cn/mw600/661eb95cgy1fd49qw0f97j20s00utn68.jpg
images,image_urls
"./qiubaiscrapy/,./qiubaiscrapy/,./qiubaiscrapy/,./qiubaiscrapy/,./qiubaiscrapy/,./qiubaiscrapy/,./qiubaiscrapy/,./qiubaiscrapy/,./qiubaiscrapy/,./qiubaiscrapy/,./qiubaiscrapy/,./qiubaiscrapy/,./qiubaiscrapy/,./qiubaiscrapy/,./qiubaiscrapy/,./qiubaiscrapy/,./qiubaiscrapy/,./qiubaiscrapy/,./qiubaiscrapy/,./qiubaiscrapy/,./qiubaiscrapy/,./qiubaiscrapy/,./qiubaiscrapy/,./qiubaiscrapy/,./qiubaiscrapy/,./qiubaiscrapy/,./qiubaiscrapy/,./qiubaiscrapy/,./qiubaiscrapy/,./qiubaiscrapy/,./qiubaiscrapy/,./qiubaiscrapy/,./qiubaiscrapy/,./qiubaiscrapy/,./qiubaiscrapy/,./qiubaiscrapy/,./qiubaiscrapy/,./qiubaiscrapy/,./qiubaiscrapy/,./qiubaiscrapy/,./qiubaiscrapy/,./qiubaiscrapy/,./qiubaiscrapy/,./qiubaiscrapy/,./qiubaiscrapy/,./qiubaiscrapy/,./qiubaiscrapy/,./qiubaiscrapy/,./qiubaiscrapy/,./qiubaiscrapy/,./qiubaiscrapy/,./qiubaiscrapy/,./qiubaiscrapy/,./qiubaiscrapy/,./qiubaiscrapy/,./qiubaiscrapy/,./qiubaiscrapy/,./qiubaiscrapy/,./qiubaiscrapy/,./qiubaiscrapy/,./qiubaiscrapy/,./qiubaiscrapy/,./qiubaiscrapy/,./qiubaiscrapy/",http://wx2.sinaimg.cn/mw600/661eb95cly1fd3nbpczarj20jz0zk47g.jpg
"./qiubaiscrapy/,./qiubaiscrapy/,./qiubaiscrapy/,./qiubaiscrapy/,./qiubaiscrapy/,./qiubaiscrapy/,./qiubaiscrapy/,./qiubaiscrapy/,./qiubaiscrapy/,./qiubaiscrapy/,./qiubaiscrapy/,./qiubaiscrapy/,./qiubaiscrapy/,./qiubaiscrapy/,./qiubaiscrapy/,./qiubaiscrapy/,./qiubaiscrapy/,./qiubaiscrapy/,./qiubaiscrapy/,./qiubaiscrapy/,./qiubaiscrapy/,./qiubaiscrapy/,./qiubaiscrapy/,./qiubaiscrapy/,./qiubaiscrapy/,./qiubaiscrapy/,./qiubaiscrapy/,./qiubaiscrapy/,./qiubaiscrapy/,./qiubaiscrapy/,./qiubaiscrapy/,./qiubaiscrapy/,./qiubaiscrapy/,./qiubaiscrapy/,./qiubaiscrapy/,./qiubaiscrapy/,./qiubaiscrapy/,./qiubaiscrapy/,./qiubaiscrapy/,./qiubaiscrapy/,./qiubaiscrapy/,./qiubaiscrapy/,./qiubaiscrapy/,./qiubaiscrapy/,./qiubaiscrapy/,./qiubaiscrapy/,./qiubaiscrapy/,./qiubaiscrapy/,./qiubaiscrapy/,./qiubaiscrapy/,./qiubaiscrapy/,./qiubaiscrapy/,./qiubaiscrapy/,./qiubaiscrapy/,./qiubaiscrapy/,./qiubaiscrapy/,./qiubaiscrapy/,./qiubaiscrapy/,./qiubaiscrapy/,./qiubaiscrapy/,./qiubaiscrapy/,./qiubaiscrapy/,./qiubaiscrapy/,./qiubaiscrapy/",http://wx1.sinaimg.cn/mw600/661eb95cgy1fd0u9ev3huj20dc0hstb1.jpg
"./qiubaiscrapy/,./qiubaiscrapy/,./qiubaiscrapy/,./qiubaiscrapy/,./qiubaiscrapy/,./qiubaiscrapy/,./qiubaiscrapy/,./qiubaiscrapy/,./qiubaiscrapy/,./qiubaiscrapy/,./qiubaiscrapy/,./qiubaiscrapy/,./qiubaiscrapy/,./qiubaiscrapy/,./qiubaiscrapy/,./qiubaiscrapy/,./qiubaiscrapy/,./qiubaiscrapy/,./qiubaiscrapy/,./qiubaiscrapy/,./qiubaiscrapy/,./qiubaiscrapy/,./qiubaiscrapy/,./qiubaiscrapy/,./qiubaiscrapy/,./qiubaiscrapy/,./qiubaiscrapy/,./qiubaiscrapy/,./qiubaiscrapy/,./qiubaiscrapy/,./qiubaiscrapy/,./qiubaiscrapy/,./qiubaiscrapy/,./qiubaiscrapy/,./qiubaiscrapy/,./qiubaiscrapy/,./qiubaiscrapy/,./qiubaiscrapy/,./qiubaiscrapy/,./qiubaiscrapy/,./qiubaiscrapy/,./qiubaiscrapy/,./qiubaiscrapy/,./qiubaiscrapy/,./qiubaiscrapy/,./qiubaiscrapy/,./qiubaiscrapy/,./qiubaiscrapy/,./qiubaiscrapy/,./qiubaiscrapy/,./qiubaiscrapy/,./qiubaiscrapy/,./qiubaiscrapy/,./qiubaiscrapy/,./qiubaiscrapy/,./qiubaiscrapy/,./qiubaiscrapy/,./qiubaiscrapy/,./qiubaiscrapy/,./qiubaiscrapy/,./qiubaiscrapy/,./qiubaiscrapy/,./qiubaiscrapy/,./qiubaiscrapy/",http://wx3.sinaimg.cn/mw690/006g34NHgy1fd35a0jl6ug30b4069hdu.gif
"./qiubaiscrapy/,./qiubaiscrapy/,./qiubaiscrapy/,./qiubaiscrapy/,./qiubaiscrapy/,./qiubaiscrapy/,./qiubaiscrapy/,./qiubaiscrapy/,./qiubaiscrapy/,./qiubaiscrapy/,./qiubaiscrapy/,./qiubaiscrapy/,./qiubaiscrapy/,./qiubaiscrapy/,./qiubaiscrapy/,./qiubaiscrapy/,./qiubaiscrapy/,./qiubaiscrapy/,./qiubaiscrapy/,./qiubaiscrapy/,./qiubaiscrapy/,./qiubaiscrapy/,./qiubaiscrapy/,./qiubaiscrapy/,./qiubaiscrapy/,./qiubaiscrapy/,./qiubaiscrapy/,./qiubaiscrapy/,./qiubaiscrapy/,./qiubaiscrapy/,./qiubaiscrapy/,./qiubaiscrapy/,./qiubaiscrapy/,./qiubaiscrapy/,./qiubaiscrapy/,./qiubaiscrapy/,./qiubaiscrapy/,./qiubaiscrapy/,./qiubaiscrapy/,./qiubaiscrapy/,./qiubaiscrapy/,./qiubaiscrapy/,./qiubaiscrapy/,./qiubaiscrapy/,./qiubaiscrapy/,./qiubaiscrapy/,./qiubaiscrapy/,./qiubaiscrapy/,./qiubaiscrapy/,./qiubaiscrapy/,./qiubaiscrapy/,./qiubaiscrapy/,./qiubaiscrapy/,./qiubaiscrapy/,./qiubaiscrapy/,./qiubaiscrapy/,./qiubaiscrapy/,./qiubaiscrapy/,./qiubaiscrapy/,./qiubaiscrapy/,./qiubaiscrapy/,./qiubaiscrapy/,./qiubaiscrapy/,./qiubaiscrapy/",http://wx4.sinaimg.cn/mw600/005vbOHfgy1fd2wuad79bj30ia0dn0v0.jpg
"./qiubaiscrapy/,./qiubaiscrapy/,./qiubaiscrapy/,./qiubaiscrapy/,./qiubaiscrapy/,./qiubaiscrapy/,./qiubaiscrapy/,./qiubaiscrapy/,./qiubaiscrapy/,./qiubaiscrapy/,./qiubaiscrapy/,./qiubaiscrapy/,./qiubaiscrapy/,./qiubaiscrapy/,./qiubaiscrapy/,./qiubaiscrapy/,./qiubaiscrapy/,./qiubaiscrapy/,./qiubaiscrapy/,./qiubaiscrapy/,./qiubaiscrapy/,./qiubaiscrapy/,./qiubaiscrapy/,./qiubaiscrapy/,./qiubaiscrapy/,./qiubaiscrapy/,./qiubaiscrapy/,./qiubaiscrapy/,./qiubaiscrapy/,./qiubaiscrapy/,./qiubaiscrapy/,./qiubaiscrapy/,./qiubaiscrapy/,./qiubaiscrapy/,./qiubaiscrapy/,./qiubaiscrapy/,./qiubaiscrapy/,./qiubaiscrapy/,./qiubaiscrapy/,./qiubaiscrapy/,./qiubaiscrapy/,./qiubaiscrapy/,./qiubaiscrapy/,./qiubaiscrapy/,./qiubaiscrapy/,./qiubaiscrapy/,./qiubaiscrapy/,./qiubaiscrapy/,./qiubaiscrapy/,./qiubaiscrapy/,./qiubaiscrapy/,./qiubaiscrapy/,./qiubaiscrapy/,./qiubaiscrapy/,./qiubaiscrapy/,./qiubaiscrapy/,./qiubaiscrapy/,./qiubaiscrapy/,./qiubaiscrapy/,./qiubaiscrapy/,./qiubaiscrapy/,./qiubaiscrapy/,./qiubaiscrapy/,./qiubaiscrapy/,./qiubaiscrapy/",http://wx4.sinaimg.cn/mw1024/68f6e545ly1fd46pshwycg208w050kjo.gif
"./qiubaiscrapy/,./qiubaiscrapy/,./qiubaiscrapy/,./qiubaiscrapy/,./qiubaiscrapy/,./qiubaiscrapy/,./qiubaiscrapy/,./qiubaiscrapy/,./qiubaiscrapy/,./qiubaiscrapy/,./qiubaiscrapy/,./qiubaiscrapy/,./qiubaiscrapy/,./qiubaiscrapy/,./qiubaiscrapy/,./qiubaiscrapy/,./qiubaiscrapy/,./qiubaiscrapy/,./qiubaiscrapy/,./qiubaiscrapy/,./qiubaiscrapy/,./qiubaiscrapy/,./qiubaiscrapy/,./qiubaiscrapy/,./qiubaiscrapy/,./qiubaiscrapy/,./qiubaiscrapy/,./qiubaiscrapy/,./qiubaiscrapy/,./qiubaiscrapy/,./qiubaiscrapy/,./qiubaiscrapy/,./qiubaiscrapy/,./qiubaiscrapy/,./qiubaiscrapy/,./qiubaiscrapy/,./qiubaiscrapy/,./qiubaiscrapy/,./qiubaiscrapy/,./qiubaiscrapy/,./qiubaiscrapy/,./qiubaiscrapy/,./qiubaiscrapy/,./qiubaiscrapy/,./qiubaiscrapy/,./qiubaiscrapy/,./qiubaiscrapy/,./qiubaiscrapy/,./qiubaiscrapy/,./qiubaiscrapy/,./qiubaiscrapy/,./qiubaiscrapy/,./qiubaiscrapy/,./qiubaiscrapy/,./qiubaiscrapy/,./qiubaiscrapy/,./qiubaiscrapy/,./qiubaiscrapy/,./qiubaiscrapy/,./qiubaiscrapy/,./qiubaiscrapy/,./qiubaiscrapy/,./qiubaiscrapy/,./qiubaiscrapy/",http://ww2.sinaimg.cn/mw600/95e71c7fgw1fbdijy20pyj20dw0ii0us.jpg
"./qiubaiscrapy/,./qiubaiscrapy/,./qiubaiscrapy/,./qiubaiscrapy/,./qiubaiscrapy/,./qiubaiscrapy/,./qiubaiscrapy/,./qiubaiscrapy/,./qiubaiscrapy/,./qiubaiscrapy/,./qiubaiscrapy/,./qiubaiscrapy/,./qiubaiscrapy/,./qiubaiscrapy/,./qiubaiscrapy/,./qiubaiscrapy/,./qiubaiscrapy/,./qiubaiscrapy/,./qiubaiscrapy/,./qiubaiscrapy/,./qiubaiscrapy/,./qiubaiscrapy/,./qiubaiscrapy/,./qiubaiscrapy/,./qiubaiscrapy/,./qiubaiscrapy/,./qiubaiscrapy/,./qiubaiscrapy/,./qiubaiscrapy/,./qiubaiscrapy/,./qiubaiscrapy/,./qiubaiscrapy/,./qiubaiscrapy/,./qiubaiscrapy/,./qiubaiscrapy/,./qiubaiscrapy/,./qiubaiscrapy/,./qiubaiscrapy/,./qiubaiscrapy/,./qiubaiscrapy/,./qiubaiscrapy/,./qiubaiscrapy/,./qiubaiscrapy/,./qiubaiscrapy/,./qiubaiscrapy/,./qiubaiscrapy/,./qiubaiscrapy/,./qiubaiscrapy/,./qiubaiscrapy/,./qiubaiscrapy/,./qiubaiscrapy/,./qiubaiscrapy/,./qiubaiscrapy/,./qiubaiscrapy/,./qiubaiscrapy/,./qiubaiscrapy/,./qiubaiscrapy/,./qiubaiscrapy/,./qiubaiscrapy/,./qiubaiscrapy/,./qiubaiscrapy/,./qiubaiscrapy/,./qiubaiscrapy/,./qiubaiscrapy/",http://wx3.sinaimg.cn/mw600/661eb95cgy1fd49qtf0rqj20dc0hsq6t.jpg
"./qiubaiscrapy/,./qiubaiscrapy/,./qiubaiscrapy/,./qiubaiscrapy/,./qiubaiscrapy/,./qiubaiscrapy/,./qiubaiscrapy/,./qiubaiscrapy/,./qiubaiscrapy/,./qiubaiscrapy/,./qiubaiscrapy/,./qiubaiscrapy/,./qiubaiscrapy/,./qiubaiscrapy/,./qiubaiscrapy/,./qiubaiscrapy/,./qiubaiscrapy/,./qiubaiscrapy/,./qiubaiscrapy/,./qiubaiscrapy/,./qiubaiscrapy/,./qiubaiscrapy/,./qiubaiscrapy/,./qiubaiscrapy/,./qiubaiscrapy/,./qiubaiscrapy/,./qiubaiscrapy/,./qiubaiscrapy/,./qiubaiscrapy/,./qiubaiscrapy/,./qiubaiscrapy/,./qiubaiscrapy/,./qiubaiscrapy/,./qiubaiscrapy/,./qiubaiscrapy/,./qiubaiscrapy/,./qiubaiscrapy/,./qiubaiscrapy/,./qiubaiscrapy/,./qiubaiscrapy/,./qiubaiscrapy/,./qiubaiscrapy/,./qiubaiscrapy/,./qiubaiscrapy/,./qiubaiscrapy/,./qiubaiscrapy/,./qiubaiscrapy/,./qiubaiscrapy/,./qiubaiscrapy/,./qiubaiscrapy/,./qiubaiscrapy/,./qiubaiscrapy/,./qiubaiscrapy/,./qiubaiscrapy/,./qiubaiscrapy/,./qiubaiscrapy/,./qiubaiscrapy/,./qiubaiscrapy/,./qiubaiscrapy/,./qiubaiscrapy/,./qiubaiscrapy/,./qiubaiscrapy/,./qiubaiscrapy/,./qiubaiscrapy/",http://wx4.sinaimg.cn/mw600/661eb95cgy1fd49qw0f97j20s00utn68.jpg
